{
  "chart": {
    "title": "Access to electricity vs. GDP per capita",
    "subtitle": "Having access to electricity means having an electricity source that can provide very basic lighting, and charge a phone or power a radio for 4 hours per day. GDP per capita is adjusted for inflation and differences in living costs between countries.",
    "note": "GDP per capita is expressed in [international-$](#dod:int_dollar_abbreviation) at 2021 prices.",
    "citation": "Data compiled from multiple sources by World Bank; Eurostat, OECD, IMF, and World Bank (2026)",
    "originalChartUrl": "https://ourworldindata.org/grapher/access-to-electricity-vs-gdp-per-capita?v=1&csvType=full&useColumnShortNames=false",
    "selection": []
  },
  "columns": {
    "Access to electricity (% of population)": {
      "titleShort": "Share of the population with access to electricity",
      "titleLong": "Share of the population with access to electricity - World Bank",
      "descriptionShort": "Access to electricity means having an electricity source that can provide very basic lighting, and charge a phone or power a radio for 4 hours per day.",
      "descriptionKey": [
        "Access to electricity improves people's living conditions in many ways. [Light at night](https://ourworldindata.org/light-at-night) makes it possible to get together after sunset; mobile phones allow us to stay in touch with those far away; refrigeration reduces food waste; and household appliances free up time from chores.",
        "This data captures whether people have access to the most basic electricity supply — just enough to provide basic lighting and charge a phone or power a radio for 4 hours per day.",
        "It shows that, especially in several African countries, a large share of the population lacks the benefits of basic electricity.",
        "Universal access to electricity by 2030 is one of the United Nations [Sustainable Development Goals](https://ourworldindata.org/sdgs/affordable-clean-energy#sdg-indicator-7-1-1-access-to-electricity).",
        "This data comes from the World Bank's World Development Indicators. Estimates are based on national household surveys, census data, and reports from energy providers or government agencies. Where data is missing, values are estimated by the source using a model based on trends across countries, regions, and time. Countries classified as “developed” by the United Nations are assumed to have universal access.",
        "To learn more, read our article: [Definitions: access to electricity](https://ourworldindata.org/definition-electricity-access)."
      ],
      "shortUnit": "%",
      "unit": "% of population",
      "timespan": "1990-2023",
      "type": "Numeric",
      "owidVariableId": 1144403,
      "shortName": "eg_elc_accs_zs",
      "lastUpdated": "2026-01-29",
      "nextUpdate": "2027-01-29",
      "citationShort": "Data compiled from multiple sources by World Bank – with minor processing by Our World in Data",
      "citationLong": "Data compiled from multiple sources by World Bank – with minor processing by Our World in Data. “Share of the population with access to electricity – World Bank” [dataset]. SDG 7.1.1 Electrification Dataset, World Bank, via World Bank, “World Development Indicators 125” [original data].",
      "fullMetadata": "https://api.ourworldindata.org/v1/indicators/1144403.metadata.json"
    },
    "GDP per capita, PPP (constant 2021 international $)": {
      "titleShort": "GDP per capita",
      "titleLong": "GDP per capita - World Bank – In constant international-$",
      "descriptionShort": "Average economic output per person in a country or region per year. This data is adjusted for inflation and differences in living costs between countries.",
      "descriptionKey": [
        "GDP per capita is a comprehensive measure of people's average income. It helps compare income levels across countries and track how they change over time. It is especially useful for understanding trends in economic growth and living standards.",
        "GDP per capita is calculated as the value of all final goods and services produced each year in a country (the [gross domestic product](#dod:gdp)), divided by the population. It represents the average economic output per person.",
        "This indicator shows the large inequality between people in different countries. In the poorest countries, average incomes are below $1,000 per year; in rich countries, they are more than 50 times higher.",
        "This data is expressed in constant international dollars to adjust for inflation and differences in living costs between countries. Read more in our article, [What are international dollars?](https://ourworldindata.org/international-dollars)",
        "This data comes from the World Bank and starts in 1990. For estimates going back several centuries, explore our chart of GDP per capita from the [Maddison Project Database](https://ourworldindata.org/grapher/gdp-per-capita-maddison-project-database)."
      ],
      "shortUnit": "$",
      "unit": "international-$ in 2021 prices",
      "timespan": "1990-2024",
      "type": "Numeric",
      "owidVariableId": 1144914,
      "shortName": "ny_gdp_pcap_pp_kd",
      "lastUpdated": "2026-01-29",
      "nextUpdate": "2027-01-29",
      "citationShort": "Eurostat, OECD, IMF, and World Bank (2026) – with minor processing by Our World in Data",
      "citationLong": "Eurostat, OECD, IMF, and World Bank (2026) – with minor processing by Our World in Data. “GDP per capita – World Bank – In constant international-$” [dataset]. Eurostat, OECD, IMF, and World Bank, “World Development Indicators 125” [original data].",
      "fullMetadata": "https://api.ourworldindata.org/v1/indicators/1144914.metadata.json"
    },
    "World region according to OWID": {
      "titleShort": "World region according to OWID",
      "titleLong": "World region according to OWID",
      "descriptionShort": "Regions defined by Our World in Data, which are used in OWID charts and maps.",
      "unit": "",
      "timespan": "2023-2023",
      "type": "Continent",
      "owidVariableId": 900801,
      "shortName": "owid_region",
      "lastUpdated": "2023-01-01",
      "citationShort": "Our World in Data – processed by Our World in Data",
      "citationLong": "Our World in Data – processed by Our World in Data. “World region according to OWID” [dataset]. Our World in Data, “Regions” [original data].",
      "fullMetadata": "https://api.ourworldindata.org/v1/indicators/900801.metadata.json"
    }
  },
  "dateDownloaded": "2026-02-19",
  "activeFilters": {}
}